episode,rewards
0,0.0
1,0.0
2,1.0
3,1.0
4,1.0
5,1.0
6,2.0
7,2.0
8,2.0
9,2.0
10,0.0
11,0.0
12,0.0
13,0.0
14,0.0
15,0.0
16,2.0
17,2.0
18,2.0
19,2.0
20,1.0
21,1.0
22,5.0
23,5.0
24,2.0
25,2.0
26,0.0
27,0.0
28,1.0
29,1.0
30,0.0
31,0.0
32,0.0
33,0.0
34,0.0
35,0.0
36,1.0
37,1.0
38,3.0
39,3.0
40,2.0
41,2.0
42,1.0
43,1.0
44,3.0
45,3.0
46,4.0
47,4.0
48,3.0
49,3.0
50,1.0
51,1.0
52,0.0
53,0.0
54,1.0
55,1.0
56,2.0
57,2.0
58,1.0
59,1.0
60,1.0
61,1.0
62,1.0
63,1.0
64,1.0
65,1.0
66,1.0
67,1.0
68,1.0
69,1.0
70,1.0
71,1.0
72,4.0
73,4.0
74,1.0
75,1.0
76,2.0
77,2.0
78,2.0
79,2.0
80,3.0
81,3.0
82,1.0
83,1.0
84,0.0
85,0.0
86,0.0
87,0.0
88,2.0
89,2.0
90,1.0
91,1.0
92,2.0
93,2.0
94,2.0
95,2.0
96,1.0
97,1.0
98,1.0
99,1.0
100,2.0
101,2.0
102,3.0
103,3.0
104,3.0
105,3.0
106,2.0
107,2.0
108,2.0
109,2.0
110,4.0
111,4.0
112,3.0
113,3.0
114,4.0
115,4.0
116,2.0
117,2.0
118,3.0
119,3.0
120,1.0
121,1.0
122,1.0
123,1.0
124,2.0
125,2.0
126,1.0
127,1.0
128,1.0
129,1.0
130,1.0
131,1.0
132,2.0
133,2.0
134,1.0
135,1.0
136,3.0
137,3.0
138,5.0
139,5.0
140,5.0
141,5.0
142,3.0
143,3.0
144,1.0
145,1.0
146,1.0
147,1.0
148,1.0
149,1.0
150,3.0
151,3.0
152,2.0
153,2.0
154,2.0
155,2.0
156,3.0
157,3.0
158,5.0
159,5.0
160,1.0
161,1.0
162,9.0
163,9.0
164,1.0
165,1.0
166,0.0
167,0.0
168,4.0
169,4.0
170,2.0
171,2.0
172,3.0
173,3.0
174,2.0
175,2.0
176,4.0
177,4.0
178,3.0
179,3.0
180,3.0
181,3.0
182,2.0
183,2.0
184,3.0
185,3.0
186,1.0
187,1.0
188,8.0
189,8.0
190,3.0
191,3.0
192,3.0
193,3.0
194,7.0
195,7.0
196,2.0
197,2.0
198,3.0
199,3.0
200,4.0
201,4.0
202,3.0
203,3.0
204,4.0
205,4.0
206,3.0
207,3.0
208,2.0
209,2.0
210,5.0
211,5.0
212,4.0
213,4.0
214,4.0
215,4.0
216,3.0
217,3.0
218,4.0
219,4.0
220,3.0
221,3.0
222,3.0
223,3.0
224,4.0
225,4.0
226,4.0
227,4.0
228,2.0
229,2.0
230,10.0
231,10.0
232,5.0
233,5.0
234,2.0
235,2.0
236,1.0
237,1.0
238,3.0
239,3.0
240,1.0
241,1.0
242,5.0
243,5.0
244,1.0
245,1.0
246,2.0
247,2.0
248,7.0
249,7.0
250,1.0
251,1.0
252,3.0
253,3.0
254,4.0
255,4.0
256,7.0
257,7.0
258,2.0
259,2.0
260,3.0
261,3.0
262,7.0
263,7.0
264,2.0
265,2.0
266,3.0
267,3.0
268,2.0
269,2.0
270,2.0
271,2.0
272,2.0
273,2.0
274,3.0
275,3.0
276,7.0
277,7.0
278,2.0
279,2.0
280,5.0
281,5.0
282,1.0
283,1.0
284,4.0
285,4.0
286,2.0
287,2.0
288,2.0
289,2.0
290,3.0
291,3.0
292,3.0
293,3.0
294,2.0
295,2.0
296,3.0
297,3.0
298,2.0
299,2.0
300,11.0
301,11.0
302,7.0
303,7.0
304,2.0
305,2.0
306,2.0
307,2.0
308,2.0
309,2.0
310,7.0
311,7.0
312,3.0
313,3.0
314,2.0
315,2.0
316,3.0
317,3.0
318,3.0
319,3.0
320,2.0
321,2.0
322,7.0
323,7.0
324,2.0
325,2.0
326,2.0
327,2.0
328,2.0
329,2.0
330,3.0
331,3.0
332,11.0
333,11.0
334,3.0
335,3.0
336,7.0
337,7.0
338,3.0
339,3.0
340,4.0
341,4.0
342,4.0
343,4.0
344,2.0
345,2.0
346,3.0
347,3.0
348,7.0
349,7.0
350,7.0
351,7.0
352,2.0
353,2.0
354,7.0
355,7.0
356,2.0
357,2.0
358,11.0
359,11.0
360,2.0
361,2.0
362,7.0
363,7.0
364,3.0
365,3.0
366,7.0
367,7.0
368,3.0
369,3.0
370,7.0
371,7.0
372,3.0
373,3.0
374,3.0
375,3.0
376,3.0
377,3.0
378,7.0
379,7.0
380,1.0
381,1.0
382,3.0
383,3.0
384,3.0
385,3.0
386,7.0
387,7.0
388,2.0
389,2.0
390,2.0
391,2.0
392,7.0
393,7.0
394,3.0
395,3.0
396,11.0
397,11.0
398,5.0
399,5.0
400,7.0
401,7.0
402,3.0
403,3.0
404,7.0
405,7.0
406,3.0
407,3.0
408,3.0
409,3.0
410,3.0
411,3.0
412,11.0
413,11.0
414,11.0
415,11.0
416,7.0
417,7.0
418,2.0
419,2.0
420,3.0
421,3.0
422,8.0
423,8.0
424,8.0
425,8.0
426,3.0
427,3.0
428,2.0
429,2.0
430,11.0
431,11.0
432,7.0
433,7.0
434,11.0
435,11.0
436,3.0
437,3.0
438,11.0
439,11.0
440,11.0
441,11.0
442,7.0
443,7.0
444,3.0
445,3.0
446,7.0
447,7.0
448,3.0
449,3.0
450,7.0
451,7.0
452,3.0
453,3.0
454,3.0
455,3.0
456,7.0
457,7.0
458,3.0
459,3.0
460,2.0
461,2.0
462,7.0
463,7.0
464,3.0
465,3.0
466,8.0
467,8.0
468,7.0
469,7.0
470,2.0
471,2.0
472,3.0
473,3.0
474,11.0
475,11.0
476,3.0
477,3.0
478,7.0
479,7.0
480,2.0
481,2.0
482,11.0
483,11.0
484,7.0
485,7.0
486,2.0
487,2.0
488,7.0
489,7.0
490,7.0
491,7.0
492,3.0
493,3.0
494,7.0
495,7.0
496,11.0
497,11.0
498,3.0
499,3.0
500,7.0
501,7.0
502,11.0
503,11.0
504,7.0
505,7.0
506,11.0
507,11.0
508,4.0
509,4.0
510,7.0
511,7.0
512,1.0
513,1.0
514,3.0
515,3.0
516,3.0
517,3.0
518,3.0
519,3.0
520,4.0
521,4.0
522,3.0
523,3.0
524,2.0
525,2.0
526,2.0
527,2.0
528,3.0
529,3.0
530,7.0
531,7.0
532,4.0
533,4.0
534,3.0
535,3.0
536,5.0
537,5.0
538,11.0
539,11.0
540,7.0
541,7.0
542,7.0
543,7.0
544,3.0
545,3.0
546,3.0
547,3.0
548,3.0
549,3.0
550,11.0
551,11.0
552,7.0
553,7.0
554,4.0
555,4.0
556,3.0
557,3.0
558,3.0
559,3.0
560,2.0
561,2.0
562,7.0
563,7.0
564,3.0
565,3.0
566,7.0
567,7.0
568,7.0
569,7.0
570,7.0
571,7.0
572,1.0
573,1.0
574,3.0
575,3.0
576,3.0
577,3.0
578,3.0
579,3.0
580,7.0
581,7.0
582,7.0
583,7.0
584,3.0
585,3.0
586,8.0
587,8.0
588,3.0
589,3.0
590,7.0
591,7.0
592,3.0
593,3.0
594,3.0
595,3.0
596,3.0
597,3.0
598,2.0
599,2.0
600,3.0
601,3.0
602,2.0
603,2.0
604,3.0
605,3.0
606,3.0
607,3.0
608,2.0
609,2.0
610,5.0
611,5.0
612,7.0
613,7.0
614,7.0
615,7.0
616,11.0
617,11.0
618,9.0
619,9.0
620,3.0
621,3.0
622,2.0
623,2.0
624,3.0
625,3.0
626,3.0
627,3.0
628,7.0
629,7.0
630,7.0
631,7.0
632,1.0
633,1.0
634,3.0
635,3.0
636,2.0
637,2.0
638,3.0
639,3.0
640,2.0
641,2.0
642,3.0
643,3.0
644,2.0
645,2.0
646,7.0
647,7.0
648,7.0
649,7.0
650,11.0
651,11.0
652,11.0
653,11.0
654,3.0
655,3.0
656,7.0
657,7.0
658,3.0
659,3.0
660,7.0
661,7.0
662,11.0
663,11.0
664,7.0
665,7.0
666,3.0
667,3.0
668,7.0
669,7.0
670,3.0
671,3.0
672,2.0
673,2.0
674,7.0
675,7.0
676,3.0
677,3.0
678,11.0
679,11.0
680,11.0
681,11.0
682,3.0
683,3.0
684,3.0
685,3.0
686,3.0
687,3.0
688,7.0
689,7.0
690,7.0
691,7.0
692,7.0
693,7.0
694,11.0
695,11.0
696,2.0
697,2.0
698,3.0
699,3.0
700,3.0
701,3.0
702,3.0
703,3.0
704,7.0
705,7.0
706,4.0
707,4.0
708,3.0
709,3.0
710,3.0
711,3.0
712,3.0
713,3.0
714,11.0
715,11.0
716,3.0
717,3.0
718,3.0
719,3.0
720,3.0
721,3.0
722,3.0
723,3.0
724,7.0
725,7.0
726,7.0
727,7.0
728,7.0
729,7.0
730,3.0
731,3.0
732,9.0
733,9.0
734,6.0
735,6.0
736,3.0
737,3.0
738,3.0
739,3.0
740,3.0
741,3.0
742,2.0
743,2.0
744,3.0
745,3.0
746,2.0
747,2.0
748,7.0
749,7.0
750,11.0
751,11.0
752,2.0
753,2.0
754,7.0
755,7.0
756,3.0
757,3.0
758,2.0
759,2.0
760,7.0
761,7.0
762,11.0
763,11.0
764,2.0
765,2.0
766,1.0
767,1.0
768,3.0
769,3.0
770,7.0
771,7.0
772,0.0
773,0.0
774,3.0
775,3.0
776,3.0
777,3.0
778,7.0
779,7.0
780,3.0
781,3.0
782,7.0
783,7.0
784,7.0
785,7.0
786,7.0
787,7.0
788,11.0
789,11.0
790,3.0
791,3.0
792,3.0
793,3.0
794,3.0
795,3.0
796,3.0
797,3.0
798,3.0
799,3.0
800,2.0
801,2.0
802,11.0
803,11.0
804,4.0
805,4.0
806,2.0
807,2.0
808,11.0
809,11.0
810,4.0
811,4.0
812,7.0
813,7.0
814,7.0
815,7.0
816,7.0
817,7.0
818,3.0
819,3.0
820,3.0
821,3.0
822,7.0
823,7.0
824,2.0
825,2.0
826,4.0
827,4.0
828,3.0
829,3.0
830,3.0
831,3.0
832,3.0
833,3.0
834,2.0
835,2.0
836,5.0
837,5.0
838,2.0
839,2.0
840,7.0
841,7.0
842,2.0
843,2.0
844,7.0
845,7.0
846,3.0
847,3.0
848,2.0
849,2.0
850,3.0
851,3.0
852,11.0
853,11.0
854,11.0
855,11.0
856,11.0
857,11.0
858,7.0
859,7.0
860,3.0
861,3.0
862,5.0
863,5.0
864,6.0
865,6.0
866,7.0
867,7.0
868,2.0
869,2.0
870,2.0
871,2.0
872,1.0
873,1.0
874,3.0
875,3.0
876,7.0
877,7.0
878,7.0
879,7.0
880,2.0
881,2.0
882,3.0
883,3.0
884,3.0
885,3.0
886,11.0
887,11.0
888,1.0
889,1.0
890,7.0
891,7.0
892,7.0
893,7.0
894,7.0
895,7.0
896,1.0
897,1.0
898,11.0
899,11.0
900,2.0
901,2.0
902,11.0
903,11.0
904,3.0
905,3.0
906,3.0
907,3.0
908,7.0
909,7.0
910,3.0
911,3.0
912,1.0
913,1.0
914,3.0
915,3.0
916,11.0
917,11.0
918,7.0
919,7.0
920,7.0
921,7.0
922,7.0
923,7.0
924,3.0
925,3.0
926,3.0
927,3.0
928,3.0
929,3.0
930,7.0
931,7.0
932,7.0
933,7.0
934,4.0
935,4.0
936,2.0
937,2.0
938,3.0
939,3.0
940,7.0
941,7.0
942,3.0
943,3.0
944,7.0
945,7.0
946,3.0
947,3.0
948,2.0
949,2.0
950,3.0
951,3.0
952,3.0
953,3.0
954,11.0
955,11.0
956,3.0
957,3.0
958,3.0
959,3.0
960,3.0
961,3.0
962,7.0
963,7.0
964,2.0
965,2.0
966,2.0
967,2.0
968,5.0
969,5.0
970,7.0
971,7.0
972,3.0
973,3.0
974,7.0
975,7.0
976,7.0
977,7.0
978,3.0
979,3.0
980,11.0
981,11.0
982,11.0
983,11.0
984,11.0
985,11.0
986,3.0
987,3.0
988,11.0
989,11.0
990,11.0
991,11.0
992,7.0
993,7.0
994,7.0
995,7.0
996,2.0
997,2.0
998,7.0
999,7.0
1000,2.0
1001,2.0
1002,3.0
1003,3.0
1004,3.0
1005,3.0
1006,7.0
1007,7.0
1008,4.0
1009,4.0
1010,7.0
1011,7.0
1012,11.0
1013,11.0
1014,11.0
1015,11.0
1016,1.0
1017,1.0
1018,7.0
1019,7.0
1020,4.0
1021,4.0
1022,7.0
1023,7.0
1024,11.0
1025,11.0
1026,7.0
1027,7.0
1028,7.0
1029,7.0
1030,3.0
1031,3.0
1032,11.0
1033,11.0
1034,3.0
1035,3.0
1036,7.0
1037,7.0
1038,11.0
1039,11.0
1040,7.0
1041,7.0
1042,3.0
1043,3.0
1044,11.0
1045,11.0
1046,7.0
1047,7.0
1048,7.0
1049,7.0
1050,0.0
1051,0.0
1052,7.0
1053,7.0
1054,7.0
1055,7.0
1056,3.0
1057,3.0
1058,7.0
1059,7.0
1060,3.0
1061,3.0
1062,7.0
1063,7.0
1064,4.0
1065,4.0
1066,7.0
1067,7.0
1068,3.0
1069,3.0
1070,3.0
1071,3.0
1072,7.0
1073,7.0
1074,7.0
1075,7.0
1076,2.0
1077,2.0
1078,3.0
1079,3.0
1080,11.0
1081,11.0
1082,7.0
1083,7.0
1084,7.0
1085,7.0
1086,11.0
1087,11.0
1088,3.0
1089,3.0
1090,2.0
1091,2.0
1092,8.0
1093,8.0
1094,2.0
1095,2.0
1096,7.0
1097,7.0
1098,2.0
1099,2.0
1100,3.0
1101,3.0
1102,7.0
1103,7.0
1104,2.0
1105,2.0
1106,3.0
1107,3.0
1108,2.0
1109,2.0
1110,3.0
1111,3.0
1112,4.0
1113,4.0
1114,11.0
1115,11.0
1116,3.0
1117,3.0
1118,5.0
1119,5.0
1120,7.0
1121,7.0
1122,11.0
1123,11.0
1124,7.0
1125,7.0
1126,7.0
1127,7.0
1128,7.0
1129,7.0
1130,7.0
1131,7.0
1132,3.0
1133,3.0
1134,3.0
1135,3.0
1136,2.0
1137,2.0
1138,7.0
1139,7.0
1140,2.0
1141,2.0
1142,11.0
1143,11.0
1144,3.0
1145,3.0
1146,3.0
1147,3.0
1148,2.0
1149,2.0
1150,7.0
1151,7.0
1152,7.0
1153,7.0
1154,3.0
1155,3.0
1156,7.0
1157,7.0
1158,3.0
1159,3.0
1160,3.0
1161,3.0
1162,7.0
1163,7.0
1164,7.0
1165,7.0
1166,3.0
1167,3.0
1168,4.0
1169,4.0
1170,7.0
1171,7.0
1172,11.0
1173,11.0
1174,4.0
1175,4.0
1176,5.0
1177,5.0
1178,5.0
1179,5.0
1180,7.0
1181,7.0
1182,11.0
1183,11.0
1184,3.0
1185,3.0
1186,3.0
1187,3.0
1188,7.0
1189,7.0
1190,7.0
1191,7.0
1192,7.0
1193,7.0
1194,7.0
1195,7.0
1196,11.0
1197,11.0
1198,11.0
1199,11.0
1200,3.0
1201,3.0
1202,11.0
1203,11.0
1204,7.0
1205,7.0
1206,3.0
1207,3.0
1208,1.0
1209,1.0
1210,3.0
1211,3.0
1212,3.0
1213,3.0
1214,2.0
1215,2.0
1216,2.0
1217,2.0
1218,5.0
1219,5.0
1220,7.0
1221,7.0
1222,3.0
1223,3.0
1224,3.0
1225,3.0
1226,7.0
1227,7.0
1228,3.0
1229,3.0
1230,3.0
1231,3.0
1232,3.0
1233,3.0
1234,7.0
1235,7.0
1236,9.0
1237,9.0
1238,3.0
1239,3.0
1240,3.0
1241,3.0
1242,3.0
1243,3.0
1244,3.0
1245,3.0
1246,2.0
1247,2.0
1248,4.0
1249,4.0
1250,4.0
1251,4.0
1252,11.0
1253,11.0
1254,2.0
1255,2.0
1256,3.0
1257,3.0
1258,4.0
1259,4.0
1260,2.0
1261,2.0
1262,7.0
1263,7.0
1264,7.0
1265,7.0
1266,7.0
1267,7.0
1268,2.0
1269,2.0
1270,11.0
1271,11.0
1272,3.0
1273,3.0
1274,3.0
1275,3.0
1276,11.0
1277,11.0
1278,11.0
1279,11.0
1280,4.0
1281,4.0
1282,7.0
1283,7.0
1284,2.0
1285,2.0
1286,2.0
1287,2.0
1288,3.0
1289,3.0
1290,2.0
1291,2.0
1292,3.0
1293,3.0
1294,3.0
1295,3.0
1296,4.0
1297,4.0
1298,1.0
1299,1.0
1300,7.0
1301,7.0
1302,7.0
1303,7.0
1304,7.0
1305,7.0
1306,7.0
1307,7.0
1308,11.0
1309,11.0
1310,2.0
1311,2.0
1312,3.0
1313,3.0
1314,1.0
1315,1.0
1316,3.0
1317,3.0
1318,7.0
1319,7.0
1320,11.0
1321,11.0
1322,3.0
1323,3.0
1324,3.0
1325,3.0
1326,7.0
1327,7.0
1328,2.0
1329,2.0
1330,7.0
1331,7.0
1332,7.0
1333,7.0
1334,2.0
1335,2.0
1336,3.0
1337,3.0
1338,2.0
1339,2.0
1340,7.0
1341,7.0
1342,11.0
1343,11.0
1344,3.0
1345,3.0
1346,3.0
1347,3.0
1348,3.0
1349,3.0
1350,4.0
1351,4.0
1352,3.0
1353,3.0
1354,7.0
1355,7.0
1356,7.0
1357,7.0
1358,3.0
1359,3.0
1360,7.0
1361,7.0
1362,7.0
1363,7.0
1364,2.0
1365,2.0
1366,0.0
1367,0.0
1368,5.0
1369,5.0
1370,3.0
1371,3.0
1372,7.0
1373,7.0
1374,11.0
1375,11.0
1376,11.0
1377,11.0
1378,7.0
1379,7.0
1380,1.0
1381,1.0
1382,3.0
1383,3.0
1384,2.0
1385,2.0
1386,3.0
1387,3.0
1388,1.0
1389,1.0
1390,2.0
1391,2.0
1392,11.0
1393,11.0
1394,3.0
1395,3.0
1396,4.0
1397,4.0
1398,7.0
1399,7.0
1400,7.0
1401,7.0
1402,4.0
1403,4.0
1404,2.0
1405,2.0
1406,7.0
1407,7.0
1408,11.0
1409,11.0
1410,7.0
1411,7.0
1412,3.0
1413,3.0
1414,2.0
1415,2.0
1416,7.0
1417,7.0
1418,2.0
1419,2.0
1420,3.0
1421,3.0
1422,11.0
1423,11.0
1424,7.0
1425,7.0
1426,3.0
1427,3.0
1428,3.0
1429,3.0
1430,7.0
1431,7.0
1432,3.0
1433,3.0
1434,11.0
1435,11.0
1436,7.0
1437,7.0
1438,7.0
1439,7.0
1440,4.0
1441,4.0
1442,3.0
1443,3.0
1444,2.0
1445,2.0
1446,11.0
1447,11.0
1448,9.0
1449,9.0
1450,7.0
1451,7.0
1452,7.0
1453,7.0
1454,11.0
1455,11.0
1456,3.0
1457,3.0
1458,11.0
1459,11.0
1460,7.0
1461,7.0
1462,3.0
1463,3.0
1464,7.0
1465,7.0
1466,11.0
1467,11.0
1468,7.0
1469,7.0
1470,7.0
1471,7.0
1472,3.0
1473,3.0
1474,7.0
1475,7.0
1476,3.0
1477,3.0
1478,2.0
1479,2.0
1480,3.0
1481,3.0
1482,3.0
1483,3.0
1484,3.0
1485,3.0
1486,7.0
1487,7.0
1488,11.0
1489,11.0
1490,7.0
1491,7.0
1492,3.0
1493,3.0
1494,3.0
1495,3.0
1496,7.0
1497,7.0
1498,3.0
1499,3.0
1500,7.0
1501,7.0
1502,2.0
1503,2.0
1504,3.0
1505,3.0
1506,5.0
1507,5.0
1508,7.0
1509,7.0
1510,3.0
1511,3.0
1512,7.0
1513,7.0
1514,2.0
1515,2.0
1516,7.0
1517,7.0
1518,11.0
1519,11.0
1520,7.0
1521,7.0
1522,7.0
1523,7.0
1524,3.0
1525,3.0
1526,7.0
1527,7.0
1528,3.0
1529,3.0
1530,3.0
1531,3.0
1532,11.0
1533,11.0
1534,2.0
1535,2.0
1536,5.0
1537,5.0
1538,11.0
1539,11.0
1540,7.0
1541,7.0
1542,7.0
1543,7.0
1544,11.0
1545,11.0
1546,3.0
1547,3.0
1548,3.0
1549,3.0
1550,3.0
1551,3.0
1552,7.0
1553,7.0
1554,3.0
1555,3.0
1556,11.0
1557,11.0
1558,7.0
1559,7.0
1560,3.0
1561,3.0
1562,2.0
1563,2.0
1564,7.0
1565,7.0
1566,3.0
1567,3.0
1568,7.0
1569,7.0
1570,7.0
1571,7.0
1572,11.0
1573,11.0
1574,7.0
1575,7.0
1576,9.0
1577,9.0
1578,11.0
1579,11.0
1580,1.0
1581,1.0
1582,3.0
1583,3.0
1584,7.0
1585,7.0
1586,3.0
1587,3.0
1588,7.0
1589,7.0
1590,2.0
1591,2.0
1592,11.0
1593,11.0
1594,11.0
1595,11.0
1596,2.0
1597,2.0
1598,3.0
1599,3.0
1600,7.0
1601,7.0
1602,7.0
1603,7.0
1604,7.0
1605,7.0
1606,7.0
1607,7.0
1608,11.0
1609,11.0
1610,3.0
1611,3.0
1612,11.0
1613,11.0
1614,3.0
1615,3.0
1616,7.0
1617,7.0
1618,3.0
1619,3.0
1620,7.0
1621,7.0
1622,3.0
1623,3.0
1624,3.0
1625,3.0
1626,3.0
1627,3.0
1628,7.0
1629,7.0
1630,11.0
1631,11.0
1632,3.0
1633,3.0
1634,3.0
1635,3.0
1636,0.0
1637,0.0
1638,7.0
1639,7.0
1640,3.0
1641,3.0
1642,11.0
1643,11.0
1644,3.0
1645,3.0
1646,6.0
1647,6.0
1648,3.0
1649,3.0
1650,1.0
1651,1.0
1652,11.0
1653,11.0
1654,3.0
1655,3.0
1656,11.0
1657,11.0
1658,7.0
1659,7.0
1660,2.0
1661,2.0
1662,3.0
1663,3.0
1664,3.0
1665,3.0
1666,3.0
1667,3.0
1668,7.0
1669,7.0
1670,3.0
1671,3.0
1672,3.0
1673,3.0
1674,3.0
1675,3.0
1676,7.0
1677,7.0
1678,3.0
1679,3.0
1680,3.0
1681,3.0
1682,7.0
1683,7.0
1684,3.0
1685,3.0
1686,11.0
1687,11.0
1688,3.0
1689,3.0
1690,11.0
1691,11.0
1692,7.0
1693,7.0
1694,3.0
1695,3.0
1696,2.0
1697,2.0
1698,7.0
1699,7.0
1700,3.0
1701,3.0
1702,7.0
1703,7.0
1704,3.0
1705,3.0
1706,7.0
1707,7.0
1708,7.0
1709,7.0
1710,3.0
1711,3.0
1712,3.0
1713,3.0
1714,3.0
1715,3.0
1716,7.0
1717,7.0
1718,3.0
1719,3.0
1720,7.0
1721,7.0
1722,2.0
1723,2.0
1724,7.0
1725,7.0
1726,11.0
1727,11.0
1728,3.0
1729,3.0
1730,3.0
1731,3.0
1732,7.0
1733,7.0
1734,7.0
1735,7.0
1736,7.0
1737,7.0
1738,2.0
1739,2.0
1740,7.0
1741,7.0
1742,7.0
1743,7.0
1744,2.0
1745,2.0
1746,7.0
1747,7.0
1748,2.0
1749,2.0
1750,7.0
1751,7.0
1752,7.0
1753,7.0
1754,3.0
1755,3.0
1756,7.0
1757,7.0
1758,7.0
1759,7.0
1760,7.0
1761,7.0
1762,11.0
1763,11.0
1764,1.0
1765,1.0
1766,2.0
1767,2.0
1768,7.0
1769,7.0
1770,11.0
1771,11.0
1772,4.0
1773,4.0
1774,3.0
1775,3.0
1776,7.0
1777,7.0
1778,11.0
1779,11.0
1780,7.0
1781,7.0
1782,3.0
1783,3.0
1784,3.0
1785,3.0
1786,3.0
1787,3.0
1788,5.0
1789,5.0
1790,2.0
1791,2.0
1792,11.0
1793,11.0
1794,11.0
1795,11.0
1796,11.0
1797,11.0
1798,7.0
1799,7.0
1800,3.0
1801,3.0
1802,2.0
1803,2.0
1804,3.0
1805,3.0
1806,2.0
1807,2.0
1808,11.0
1809,11.0
1810,1.0
1811,1.0
1812,2.0
1813,2.0
1814,4.0
1815,4.0
1816,11.0
1817,11.0
1818,3.0
1819,3.0
1820,3.0
1821,3.0
1822,7.0
1823,7.0
1824,7.0
1825,7.0
1826,7.0
1827,7.0
1828,10.0
1829,10.0
1830,2.0
1831,2.0
1832,2.0
1833,2.0
1834,3.0
1835,3.0
1836,2.0
1837,2.0
1838,3.0
1839,3.0
1840,11.0
1841,11.0
1842,3.0
1843,3.0
1844,3.0
1845,3.0
1846,3.0
1847,3.0
1848,2.0
1849,2.0
1850,7.0
1851,7.0
1852,11.0
1853,11.0
1854,3.0
1855,3.0
1856,3.0
1857,3.0
1858,3.0
1859,3.0
1860,2.0
1861,2.0
1862,3.0
1863,3.0
1864,2.0
1865,2.0
1866,2.0
1867,2.0
1868,8.0
1869,8.0
1870,3.0
1871,3.0
1872,3.0
1873,3.0
1874,2.0
1875,2.0
1876,7.0
1877,7.0
1878,3.0
1879,3.0
1880,3.0
1881,3.0
1882,7.0
1883,7.0
1884,3.0
1885,3.0
1886,1.0
1887,1.0
1888,7.0
1889,7.0
1890,8.0
1891,8.0
1892,11.0
1893,11.0
1894,7.0
1895,7.0
1896,3.0
1897,3.0
1898,3.0
1899,3.0
1900,3.0
1901,3.0
1902,3.0
1903,3.0
1904,7.0
1905,7.0
1906,7.0
1907,7.0
1908,7.0
1909,7.0
1910,7.0
1911,7.0
1912,7.0
1913,7.0
1914,3.0
1915,3.0
1916,5.0
1917,5.0
1918,7.0
1919,7.0
1920,11.0
1921,11.0
1922,3.0
1923,3.0
1924,2.0
1925,2.0
1926,2.0
1927,2.0
1928,7.0
1929,7.0
1930,6.0
1931,6.0
1932,11.0
1933,11.0
1934,7.0
1935,7.0
1936,2.0
1937,2.0
1938,3.0
1939,3.0
1940,11.0
1941,11.0
1942,5.0
1943,5.0
1944,11.0
1945,11.0
1946,11.0
1947,11.0
1948,3.0
1949,3.0
1950,3.0
1951,3.0
1952,3.0
1953,3.0
1954,7.0
1955,7.0
1956,2.0
1957,2.0
1958,11.0
1959,11.0
1960,3.0
1961,3.0
1962,3.0
1963,3.0
1964,7.0
1965,7.0
1966,3.0
1967,3.0
1968,7.0
1969,7.0
1970,11.0
1971,11.0
1972,7.0
1973,7.0
1974,3.0
1975,3.0
1976,11.0
1977,11.0
1978,3.0
1979,3.0
1980,3.0
1981,3.0
1982,7.0
1983,7.0
1984,3.0
1985,3.0
1986,1.0
1987,1.0
1988,7.0
1989,7.0
1990,7.0
1991,7.0
1992,3.0
1993,3.0
1994,7.0
1995,7.0
1996,7.0
1997,7.0
1998,7.0
1999,7.0
2000,7.0
2001,7.0
2002,4.0
2003,4.0
2004,3.0
2005,3.0
2006,2.0
2007,2.0
2008,3.0
2009,3.0
2010,7.0
2011,7.0
2012,2.0
2013,2.0
2014,2.0
2015,2.0
2016,11.0
2017,11.0
2018,7.0
2019,7.0
2020,2.0
2021,2.0
2022,3.0
2023,3.0
2024,3.0
2025,3.0
2026,3.0
2027,3.0
2028,3.0
2029,3.0
2030,11.0
2031,11.0
2032,7.0
2033,7.0
2034,7.0
2035,7.0
2036,7.0
2037,7.0
2038,2.0
2039,2.0
2040,7.0
2041,7.0
2042,3.0
2043,3.0
2044,7.0
2045,7.0
2046,7.0
2047,7.0
2048,7.0
2049,7.0
2050,7.0
2051,7.0
2052,5.0
2053,5.0
2054,2.0
2055,2.0
2056,2.0
2057,2.0
2058,7.0
2059,7.0
2060,3.0
2061,3.0
2062,7.0
2063,7.0
2064,3.0
2065,3.0
2066,7.0
2067,7.0
2068,7.0
2069,7.0
2070,3.0
2071,3.0
2072,3.0
2073,3.0
2074,3.0
2075,3.0
2076,3.0
2077,3.0
2078,11.0
2079,11.0
2080,7.0
2081,7.0
2082,11.0
2083,11.0
2084,3.0
2085,3.0
2086,3.0
2087,3.0
2088,3.0
2089,3.0
2090,7.0
2091,7.0
2092,7.0
2093,7.0
2094,11.0
2095,11.0
2096,3.0
2097,3.0
2098,5.0
2099,5.0
2100,3.0
2101,3.0
2102,2.0
2103,2.0
2104,3.0
2105,3.0
2106,3.0
2107,3.0
2108,7.0
2109,7.0
2110,7.0
2111,7.0
2112,7.0
2113,7.0
2114,3.0
2115,3.0
2116,7.0
2117,7.0
2118,7.0
2119,7.0
2120,7.0
2121,7.0
2122,7.0
2123,7.0
2124,6.0
2125,6.0
2126,3.0
2127,3.0
2128,3.0
2129,3.0
2130,7.0
2131,7.0
2132,2.0
2133,2.0
2134,2.0
2135,2.0
2136,7.0
2137,7.0
2138,11.0
2139,11.0
2140,7.0
2141,7.0
2142,3.0
2143,3.0
2144,11.0
2145,11.0
2146,3.0
2147,3.0
2148,11.0
2149,11.0
2150,3.0
2151,3.0
2152,5.0
2153,5.0
2154,5.0
2155,5.0
2156,7.0
2157,7.0
2158,2.0
2159,2.0
2160,3.0
2161,3.0
2162,11.0
2163,11.0
2164,2.0
2165,2.0
2166,7.0
2167,7.0
2168,11.0
2169,11.0
2170,7.0
2171,7.0
2172,7.0
2173,7.0
2174,3.0
2175,3.0
2176,11.0
2177,11.0
2178,2.0
2179,2.0
2180,3.0
2181,3.0
2182,2.0
2183,2.0
2184,7.0
2185,7.0
2186,7.0
2187,7.0
2188,1.0
2189,1.0
2190,2.0
2191,2.0
2192,7.0
2193,7.0
2194,7.0
2195,7.0
2196,6.0
2197,6.0
2198,3.0
2199,3.0
2200,2.0
2201,2.0
2202,2.0
2203,2.0
2204,7.0
2205,7.0
2206,3.0
2207,3.0
2208,5.0
2209,5.0
2210,2.0
2211,2.0
2212,7.0
2213,7.0
2214,2.0
2215,2.0
2216,7.0
2217,7.0
2218,11.0
2219,11.0
2220,3.0
2221,3.0
2222,7.0
2223,7.0
2224,7.0
2225,7.0
2226,7.0
2227,7.0
2228,3.0
2229,3.0
2230,11.0
2231,11.0
2232,7.0
2233,7.0
2234,2.0
2235,2.0
2236,3.0
2237,3.0
2238,3.0
2239,3.0
2240,2.0
2241,2.0
2242,7.0
2243,7.0
2244,7.0
2245,7.0
2246,3.0
2247,3.0
2248,7.0
2249,7.0
2250,3.0
2251,3.0
2252,11.0
2253,11.0
2254,11.0
2255,11.0
2256,11.0
2257,11.0
2258,3.0
2259,3.0
2260,2.0
2261,2.0
2262,7.0
2263,7.0
2264,7.0
2265,7.0
2266,11.0
2267,11.0
2268,3.0
2269,3.0
2270,3.0
2271,3.0
2272,3.0
2273,3.0
2274,3.0
2275,3.0
2276,3.0
2277,3.0
2278,7.0
2279,7.0
2280,3.0
2281,3.0
2282,9.0
2283,9.0
2284,7.0
2285,7.0
2286,7.0
2287,7.0
2288,3.0
2289,3.0
2290,2.0
2291,2.0
2292,7.0
2293,7.0
2294,3.0
2295,3.0
2296,3.0
2297,3.0
2298,7.0
2299,7.0
2300,7.0
2301,7.0
2302,11.0
2303,11.0
2304,2.0
2305,2.0
2306,3.0
2307,3.0
2308,3.0
2309,3.0
2310,3.0
2311,3.0
2312,7.0
2313,7.0
2314,4.0
2315,4.0
2316,7.0
2317,7.0
2318,7.0
2319,7.0
2320,7.0
2321,7.0
2322,2.0
2323,2.0
2324,7.0
2325,7.0
2326,2.0
2327,2.0
2328,11.0
2329,11.0
2330,7.0
2331,7.0
2332,7.0
2333,7.0
2334,7.0
2335,7.0
2336,4.0
2337,4.0
2338,3.0
2339,3.0
2340,11.0
2341,11.0
2342,11.0
2343,11.0
2344,3.0
2345,3.0
2346,4.0
2347,4.0
2348,3.0
2349,3.0
2350,7.0
2351,7.0
2352,2.0
2353,2.0
2354,11.0
2355,11.0
2356,7.0
2357,7.0
2358,3.0
2359,3.0
2360,2.0
2361,2.0
2362,7.0
2363,7.0
2364,7.0
2365,7.0
2366,2.0
2367,2.0
2368,3.0
2369,3.0
2370,7.0
2371,7.0
2372,3.0
2373,3.0
2374,2.0
2375,2.0
2376,0.0
2377,0.0
2378,2.0
2379,2.0
2380,7.0
2381,7.0
2382,7.0
2383,7.0
2384,3.0
2385,3.0
2386,3.0
2387,3.0
2388,3.0
2389,3.0
2390,3.0
2391,3.0
2392,2.0
2393,2.0
2394,7.0
2395,7.0
2396,5.0
2397,5.0
2398,7.0
2399,7.0
2400,7.0
2401,7.0
2402,11.0
2403,11.0
2404,7.0
2405,7.0
2406,11.0
2407,11.0
2408,7.0
2409,7.0
2410,1.0
2411,1.0
2412,2.0
2413,2.0
2414,4.0
2415,4.0
2416,7.0
2417,7.0
2418,7.0
2419,7.0
2420,3.0
2421,3.0
2422,7.0
2423,7.0
2424,3.0
2425,3.0
2426,7.0
2427,7.0
2428,11.0
2429,11.0
2430,2.0
2431,2.0
2432,7.0
2433,7.0
2434,3.0
2435,3.0
2436,2.0
2437,2.0
2438,3.0
2439,3.0
2440,3.0
2441,3.0
2442,7.0
2443,7.0
2444,7.0
2445,7.0
2446,7.0
2447,7.0
2448,11.0
2449,11.0
2450,7.0
2451,7.0
2452,3.0
2453,3.0
2454,7.0
2455,7.0
2456,3.0
2457,3.0
2458,3.0
2459,3.0
2460,2.0
2461,2.0
2462,11.0
2463,11.0
2464,3.0
2465,3.0
2466,5.0
2467,5.0
2468,11.0
2469,11.0
2470,3.0
2471,3.0
2472,8.0
2473,8.0
2474,7.0
2475,7.0
2476,2.0
2477,2.0
2478,1.0
2479,1.0
2480,3.0
2481,3.0
2482,3.0
2483,3.0
2484,7.0
2485,7.0
2486,11.0
2487,11.0
2488,11.0
2489,11.0
2490,11.0
2491,11.0
2492,3.0
2493,3.0
2494,3.0
2495,3.0
2496,11.0
2497,11.0
2498,7.0
2499,7.0
2500,3.0
2501,3.0
2502,3.0
2503,3.0
2504,2.0
2505,2.0
2506,11.0
2507,11.0
2508,3.0
2509,3.0
2510,7.0
2511,7.0
2512,11.0
2513,11.0
2514,3.0
2515,3.0
2516,1.0
2517,1.0
2518,3.0
2519,3.0
2520,7.0
2521,7.0
2522,7.0
2523,7.0
2524,3.0
2525,3.0
2526,4.0
2527,4.0
2528,7.0
2529,7.0
2530,2.0
2531,2.0
2532,2.0
2533,2.0
2534,7.0
2535,7.0
2536,3.0
2537,3.0
2538,11.0
2539,11.0
2540,2.0
2541,2.0
2542,3.0
2543,3.0
2544,11.0
2545,11.0
2546,7.0
2547,7.0
2548,11.0
2549,11.0
2550,7.0
2551,7.0
2552,7.0
2553,7.0
2554,3.0
2555,3.0
2556,2.0
2557,2.0
2558,7.0
2559,7.0
2560,3.0
2561,3.0
2562,3.0
2563,3.0
2564,3.0
2565,3.0
2566,2.0
2567,2.0
2568,3.0
2569,3.0
2570,7.0
2571,7.0
2572,11.0
2573,11.0
2574,3.0
2575,3.0
2576,3.0
2577,3.0
2578,7.0
2579,7.0
2580,11.0
2581,11.0
2582,11.0
2583,11.0
2584,2.0
2585,2.0
2586,1.0
2587,1.0
2588,7.0
2589,7.0
2590,7.0
2591,7.0
2592,3.0
2593,3.0
2594,3.0
2595,3.0
2596,7.0
2597,7.0
2598,3.0
2599,3.0
2600,7.0
2601,7.0
2602,3.0
2603,3.0
2604,2.0
2605,2.0
2606,3.0
2607,3.0
2608,2.0
2609,2.0
2610,11.0
2611,11.0
2612,2.0
2613,2.0
2614,3.0
2615,3.0
2616,2.0
2617,2.0
2618,7.0
2619,7.0
2620,11.0
2621,11.0
2622,3.0
2623,3.0
2624,7.0
2625,7.0
2626,7.0
2627,7.0
2628,7.0
2629,7.0
2630,2.0
2631,2.0
2632,2.0
2633,2.0
2634,11.0
2635,11.0
2636,2.0
2637,2.0
2638,11.0
2639,11.0
2640,3.0
2641,3.0
2642,3.0
2643,3.0
2644,7.0
2645,7.0
2646,3.0
2647,3.0
2648,3.0
2649,3.0
2650,11.0
2651,11.0
2652,9.0
2653,9.0
2654,7.0
2655,7.0
2656,2.0
2657,2.0
2658,2.0
2659,2.0
2660,7.0
2661,7.0
2662,11.0
2663,11.0
2664,7.0
2665,7.0
2666,7.0
2667,7.0
2668,3.0
2669,3.0
2670,11.0
2671,11.0
2672,7.0
2673,7.0
2674,7.0
2675,7.0
2676,7.0
2677,7.0
2678,11.0
2679,11.0
2680,3.0
2681,3.0
2682,11.0
2683,11.0
2684,2.0
2685,2.0
2686,7.0
2687,7.0
2688,2.0
2689,2.0
2690,3.0
2691,3.0
2692,7.0
2693,7.0
2694,3.0
2695,3.0
2696,2.0
2697,2.0
2698,3.0
2699,3.0
2700,3.0
2701,3.0
2702,3.0
2703,3.0
2704,3.0
2705,3.0
2706,3.0
2707,3.0
2708,3.0
2709,3.0
2710,3.0
2711,3.0
2712,7.0
2713,7.0
2714,5.0
2715,5.0
2716,2.0
2717,2.0
2718,2.0
2719,2.0
2720,11.0
2721,11.0
2722,3.0
2723,3.0
2724,3.0
2725,3.0
2726,3.0
2727,3.0
2728,7.0
2729,7.0
2730,2.0
2731,2.0
2732,3.0
2733,3.0
2734,4.0
2735,4.0
2736,11.0
2737,11.0
2738,11.0
2739,11.0
2740,2.0
2741,2.0
2742,11.0
2743,11.0
2744,7.0
2745,7.0
2746,3.0
2747,3.0
2748,7.0
2749,7.0
2750,5.0
2751,5.0
2752,7.0
2753,7.0
2754,3.0
2755,3.0
2756,2.0
2757,2.0
2758,3.0
2759,3.0
2760,2.0
2761,2.0
2762,4.0
2763,4.0
2764,2.0
2765,2.0
2766,7.0
2767,7.0
2768,7.0
2769,7.0
2770,3.0
2771,3.0
2772,7.0
2773,7.0
2774,7.0
2775,7.0
2776,11.0
2777,11.0
2778,3.0
2779,3.0
2780,3.0
2781,3.0
2782,2.0
2783,2.0
2784,2.0
2785,2.0
2786,11.0
2787,11.0
2788,2.0
2789,2.0
2790,9.0
2791,9.0
2792,7.0
2793,7.0
2794,7.0
2795,7.0
2796,5.0
2797,5.0
2798,7.0
2799,7.0
2800,3.0
2801,3.0
2802,7.0
2803,7.0
2804,11.0
2805,11.0
2806,3.0
2807,3.0
2808,7.0
2809,7.0
2810,11.0
2811,11.0
2812,7.0
2813,7.0
2814,3.0
2815,3.0
2816,7.0
2817,7.0
2818,7.0
2819,7.0
2820,7.0
2821,7.0
2822,5.0
2823,5.0
2824,4.0
2825,4.0
2826,7.0
2827,7.0
2828,11.0
2829,11.0
2830,9.0
2831,9.0
2832,11.0
2833,11.0
2834,3.0
2835,3.0
2836,7.0
2837,7.0
2838,7.0
2839,7.0
2840,7.0
2841,7.0
2842,3.0
2843,3.0
2844,4.0
2845,4.0
2846,7.0
2847,7.0
2848,9.0
2849,9.0
2850,4.0
2851,4.0
2852,7.0
2853,7.0
2854,3.0
2855,3.0
2856,7.0
2857,7.0
2858,2.0
2859,2.0
2860,7.0
2861,7.0
2862,2.0
2863,2.0
2864,7.0
2865,7.0
2866,2.0
2867,2.0
2868,3.0
2869,3.0
2870,2.0
2871,2.0
2872,7.0
2873,7.0
2874,3.0
2875,3.0
2876,11.0
2877,11.0
2878,3.0
2879,3.0
2880,3.0
2881,3.0
2882,7.0
2883,7.0
2884,3.0
2885,3.0
2886,7.0
2887,7.0
2888,3.0
2889,3.0
2890,11.0
2891,11.0
2892,7.0
2893,7.0
2894,7.0
2895,7.0
2896,3.0
2897,3.0
2898,4.0
2899,4.0
2900,3.0
2901,3.0
2902,2.0
2903,2.0
2904,2.0
2905,2.0
2906,11.0
2907,11.0
2908,7.0
2909,7.0
2910,3.0
2911,3.0
2912,3.0
2913,3.0
2914,1.0
2915,1.0
2916,7.0
2917,7.0
2918,3.0
2919,3.0
2920,3.0
2921,3.0
2922,3.0
2923,3.0
2924,3.0
2925,3.0
2926,3.0
2927,3.0
2928,6.0
2929,6.0
2930,7.0
2931,7.0
2932,2.0
2933,2.0
2934,3.0
2935,3.0
2936,3.0
2937,3.0
2938,7.0
2939,7.0
2940,3.0
2941,3.0
2942,3.0
2943,3.0
2944,11.0
2945,11.0
2946,2.0
2947,2.0
2948,7.0
2949,7.0
2950,2.0
2951,2.0
2952,2.0
2953,2.0
2954,7.0
2955,7.0
2956,2.0
2957,2.0
2958,7.0
2959,7.0
2960,3.0
2961,3.0
2962,7.0
2963,7.0
2964,7.0
2965,7.0
2966,11.0
2967,11.0
2968,3.0
2969,3.0
2970,7.0
2971,7.0
2972,3.0
2973,3.0
2974,3.0
2975,3.0
2976,11.0
2977,11.0
2978,2.0
2979,2.0
2980,3.0
2981,3.0
2982,7.0
2983,7.0
2984,7.0
2985,7.0
2986,11.0
2987,11.0
2988,3.0
2989,3.0
2990,3.0
2991,3.0
2992,7.0
2993,7.0
2994,7.0
2995,7.0
2996,2.0
2997,2.0
2998,7.0
2999,7.0
3000,3.0
3001,3.0
3002,7.0
3003,7.0
3004,3.0
3005,3.0
3006,7.0
3007,7.0
3008,5.0
3009,5.0
3010,11.0
3011,11.0
3012,3.0
3013,3.0
3014,2.0
3015,2.0
3016,3.0
3017,3.0
3018,2.0
3019,2.0
3020,7.0
3021,7.0
3022,3.0
3023,3.0
3024,7.0
3025,7.0
3026,7.0
3027,7.0
3028,11.0
3029,11.0
3030,7.0
3031,7.0
3032,7.0
3033,7.0
3034,3.0
3035,3.0
3036,7.0
3037,7.0
3038,3.0
3039,3.0
3040,7.0
3041,7.0
3042,3.0
3043,3.0
3044,11.0
3045,11.0
3046,3.0
3047,3.0
3048,3.0
3049,3.0
3050,7.0
3051,7.0
3052,7.0
3053,7.0
3054,2.0
3055,2.0
3056,3.0
3057,3.0
3058,3.0
3059,3.0
3060,2.0
3061,2.0
3062,7.0
3063,7.0
3064,3.0
3065,3.0
3066,3.0
3067,3.0
3068,3.0
3069,3.0
3070,7.0
3071,7.0
3072,3.0
3073,3.0
3074,7.0
3075,7.0
3076,7.0
3077,7.0
3078,7.0
3079,7.0
3080,3.0
3081,3.0
3082,7.0
3083,7.0
3084,3.0
3085,3.0
3086,11.0
3087,11.0
3088,2.0
3089,2.0
3090,11.0
3091,11.0
3092,2.0
3093,2.0
3094,11.0
3095,11.0
3096,1.0
3097,1.0
3098,11.0
3099,11.0
3100,11.0
3101,11.0
3102,11.0
3103,11.0
3104,3.0
3105,3.0
3106,3.0
3107,3.0
3108,3.0
3109,3.0
3110,3.0
3111,3.0
3112,7.0
3113,7.0
3114,2.0
3115,2.0
3116,4.0
3117,4.0
3118,3.0
3119,3.0
3120,7.0
3121,7.0
3122,7.0
3123,7.0
3124,3.0
3125,3.0
3126,7.0
3127,7.0
3128,1.0
3129,1.0
3130,11.0
3131,11.0
3132,7.0
3133,7.0
3134,7.0
3135,7.0
3136,2.0
3137,2.0
3138,11.0
3139,11.0
3140,3.0
3141,3.0
3142,1.0
3143,1.0
3144,7.0
3145,7.0
3146,3.0
3147,3.0
3148,7.0
3149,7.0
3150,3.0
3151,3.0
3152,11.0
3153,11.0
3154,7.0
3155,7.0
3156,2.0
3157,2.0
3158,11.0
3159,11.0
3160,3.0
3161,3.0
3162,3.0
3163,3.0
3164,7.0
3165,7.0
3166,7.0
3167,7.0
3168,7.0
3169,7.0
3170,2.0
3171,2.0
3172,11.0
3173,11.0
3174,3.0
3175,3.0
3176,2.0
3177,2.0
3178,11.0
3179,11.0
3180,3.0
3181,3.0
3182,3.0
3183,3.0
3184,3.0
3185,3.0
3186,2.0
3187,2.0
3188,11.0
3189,11.0
3190,2.0
3191,2.0
3192,7.0
3193,7.0
3194,11.0
3195,11.0
3196,7.0
3197,7.0
3198,3.0
3199,3.0
3200,2.0
3201,2.0
3202,2.0
3203,2.0
3204,3.0
3205,3.0
3206,11.0
3207,11.0
3208,3.0
3209,3.0
3210,3.0
3211,3.0
3212,7.0
3213,7.0
3214,7.0
3215,7.0
3216,11.0
3217,11.0
3218,5.0
3219,5.0
3220,7.0
3221,7.0
3222,11.0
3223,11.0
3224,11.0
3225,11.0
3226,7.0
3227,7.0
3228,6.0
3229,6.0
3230,3.0
3231,3.0
3232,7.0
3233,7.0
3234,7.0
3235,7.0
3236,2.0
3237,2.0
3238,3.0
3239,3.0
3240,4.0
3241,4.0
3242,2.0
3243,2.0
3244,3.0
3245,3.0
3246,3.0
3247,3.0
3248,7.0
3249,7.0
3250,3.0
3251,3.0
3252,3.0
3253,3.0
3254,3.0
3255,3.0
3256,7.0
3257,7.0
3258,3.0
3259,3.0
3260,3.0
3261,3.0
3262,7.0
3263,7.0
3264,10.0
3265,10.0
3266,7.0
3267,7.0
3268,11.0
3269,11.0
3270,3.0
3271,3.0
3272,7.0
3273,7.0
3274,7.0
3275,7.0
3276,2.0
3277,2.0
3278,3.0
3279,3.0
3280,3.0
3281,3.0
3282,7.0
3283,7.0
3284,6.0
3285,6.0
3286,7.0
3287,7.0
3288,3.0
3289,3.0
3290,7.0
3291,7.0
3292,7.0
3293,7.0
3294,3.0
3295,3.0
3296,2.0
3297,2.0
3298,3.0
3299,3.0
3300,7.0
3301,7.0
3302,7.0
3303,7.0
3304,4.0
3305,4.0
3306,7.0
3307,7.0
3308,7.0
3309,7.0
3310,7.0
3311,7.0
3312,2.0
3313,2.0
3314,7.0
3315,7.0
3316,3.0
3317,3.0
3318,7.0
3319,7.0
3320,7.0
3321,7.0
3322,3.0
3323,3.0
3324,3.0
3325,3.0
3326,11.0
3327,11.0
3328,7.0
3329,7.0
3330,1.0
3331,1.0
3332,3.0
3333,3.0
3334,7.0
3335,7.0
3336,3.0
3337,3.0
3338,4.0
3339,4.0
3340,3.0
3341,3.0
3342,7.0
3343,7.0
3344,7.0
3345,7.0
3346,2.0
3347,2.0
3348,7.0
3349,7.0
3350,7.0
3351,7.0
3352,11.0
3353,11.0
3354,3.0
3355,3.0
3356,3.0
3357,3.0
3358,11.0
3359,11.0
3360,7.0
3361,7.0
3362,3.0
3363,3.0
3364,3.0
3365,3.0
3366,0.0
3367,0.0
3368,7.0
3369,7.0
3370,7.0
3371,7.0
3372,7.0
3373,7.0
3374,2.0
3375,2.0
3376,11.0
3377,11.0
3378,7.0
3379,7.0
3380,2.0
3381,2.0
3382,1.0
3383,1.0
3384,11.0
3385,11.0
3386,7.0
3387,7.0
3388,2.0
3389,2.0
3390,11.0
3391,11.0
3392,3.0
3393,3.0
3394,2.0
3395,2.0
3396,1.0
3397,1.0
3398,11.0
3399,11.0
3400,3.0
3401,3.0
3402,7.0
3403,7.0
3404,3.0
3405,3.0
3406,7.0
3407,7.0
3408,3.0
3409,3.0
3410,7.0
3411,7.0
3412,2.0
3413,2.0
3414,2.0
3415,2.0
3416,11.0
3417,11.0
3418,7.0
3419,7.0
3420,7.0
3421,7.0
3422,3.0
3423,3.0
3424,3.0
3425,3.0
3426,7.0
3427,7.0
3428,7.0
3429,7.0
3430,3.0
3431,3.0
3432,7.0
3433,7.0
3434,3.0
3435,3.0
3436,3.0
3437,3.0
3438,3.0
3439,3.0
3440,7.0
3441,7.0
3442,2.0
3443,2.0
3444,7.0
3445,7.0
3446,3.0
3447,3.0
3448,7.0
3449,7.0
3450,3.0
3451,3.0
3452,4.0
3453,4.0
3454,11.0
3455,11.0
3456,2.0
3457,2.0
3458,7.0
3459,7.0
3460,3.0
3461,3.0
3462,3.0
3463,3.0
3464,3.0
3465,3.0
3466,3.0
3467,3.0
3468,11.0
3469,11.0
3470,11.0
3471,11.0
3472,3.0
3473,3.0
3474,3.0
3475,3.0
3476,3.0
3477,3.0
3478,3.0
3479,3.0
3480,7.0
3481,7.0
3482,2.0
3483,2.0
3484,2.0
3485,2.0
3486,2.0
3487,2.0
3488,7.0
3489,7.0
3490,7.0
3491,7.0
3492,7.0
3493,7.0
3494,11.0
3495,11.0
3496,3.0
3497,3.0
3498,11.0
3499,11.0
3500,2.0
3501,2.0
3502,11.0
3503,11.0
3504,7.0
3505,7.0
3506,7.0
3507,7.0
3508,2.0
3509,2.0
3510,7.0
3511,7.0
3512,4.0
3513,4.0
3514,7.0
3515,7.0
3516,3.0
3517,3.0
3518,7.0
3519,7.0
3520,3.0
3521,3.0
3522,11.0
3523,11.0
3524,2.0
3525,2.0
3526,7.0
3527,7.0
3528,3.0
3529,3.0
3530,3.0
3531,3.0
3532,9.0
3533,9.0
3534,7.0
3535,7.0
3536,7.0
3537,7.0
3538,3.0
3539,3.0
3540,11.0
3541,11.0
3542,7.0
3543,7.0
3544,3.0
3545,3.0
3546,11.0
3547,11.0
3548,7.0
3549,7.0
3550,11.0
3551,11.0
3552,7.0
3553,7.0
3554,3.0
3555,3.0
3556,3.0
3557,3.0
3558,3.0
3559,3.0
3560,11.0
3561,11.0
3562,2.0
3563,2.0
3564,11.0
3565,11.0
3566,7.0
3567,7.0
3568,3.0
3569,3.0
3570,11.0
3571,11.0
3572,7.0
3573,7.0
3574,3.0
3575,3.0
3576,4.0
3577,4.0
3578,3.0
3579,3.0
3580,3.0
3581,3.0
3582,3.0
3583,3.0
3584,3.0
3585,3.0
3586,3.0
3587,3.0
3588,7.0
3589,7.0
3590,5.0
3591,5.0
3592,3.0
3593,3.0
3594,3.0
3595,3.0
3596,4.0
3597,4.0
3598,7.0
3599,7.0
3600,3.0
3601,3.0
3602,7.0
3603,7.0
3604,11.0
3605,11.0
3606,7.0
3607,7.0
3608,1.0
3609,1.0
3610,5.0
3611,5.0
3612,3.0
3613,3.0
3614,11.0
3615,11.0
3616,11.0
3617,11.0
3618,7.0
3619,7.0
3620,3.0
3621,3.0
3622,7.0
3623,7.0
3624,2.0
3625,2.0
3626,7.0
3627,7.0
3628,3.0
3629,3.0
3630,3.0
3631,3.0
3632,3.0
3633,3.0
3634,7.0
3635,7.0
3636,7.0
3637,7.0
3638,3.0
3639,3.0
3640,3.0
3641,3.0
3642,11.0
3643,11.0
3644,7.0
3645,7.0
3646,11.0
3647,11.0
3648,7.0
3649,7.0
3650,11.0
3651,11.0
3652,7.0
3653,7.0
3654,7.0
3655,7.0
3656,7.0
3657,7.0
3658,7.0
3659,7.0
3660,7.0
3661,7.0
3662,11.0
3663,11.0
3664,3.0
3665,3.0
3666,2.0
3667,2.0
3668,3.0
3669,3.0
3670,4.0
3671,4.0
3672,7.0
3673,7.0
3674,3.0
3675,3.0
3676,2.0
3677,2.0
3678,7.0
3679,7.0
3680,11.0
3681,11.0
3682,11.0
3683,11.0
3684,3.0
3685,3.0
3686,3.0
3687,3.0
3688,3.0
3689,3.0
3690,3.0
3691,3.0
3692,3.0
3693,3.0
3694,2.0
3695,2.0
3696,3.0
3697,3.0
3698,7.0
3699,7.0
3700,7.0
3701,7.0
3702,3.0
3703,3.0
3704,7.0
3705,7.0
3706,7.0
3707,7.0
3708,7.0
3709,7.0
3710,1.0
3711,1.0
3712,11.0
3713,11.0
3714,3.0
3715,3.0
3716,9.0
3717,9.0
3718,7.0
3719,7.0
3720,4.0
3721,4.0
3722,4.0
3723,4.0
3724,7.0
3725,7.0
3726,1.0
3727,1.0
3728,2.0
3729,2.0
3730,11.0
3731,11.0
3732,1.0
3733,1.0
3734,1.0
3735,1.0
3736,7.0
3737,7.0
3738,7.0
3739,7.0
3740,3.0
3741,3.0
3742,3.0
3743,3.0
3744,11.0
3745,11.0
3746,11.0
3747,11.0
3748,11.0
3749,11.0
3750,7.0
3751,7.0
3752,7.0
3753,7.0
3754,7.0
3755,7.0
3756,3.0
3757,3.0
3758,3.0
3759,3.0
3760,2.0
3761,2.0
3762,7.0
3763,7.0
3764,3.0
3765,3.0
3766,2.0
3767,2.0
3768,3.0
3769,3.0
3770,9.0
3771,9.0
3772,7.0
3773,7.0
3774,7.0
3775,7.0
3776,2.0
3777,2.0
3778,3.0
3779,3.0
3780,3.0
3781,3.0
3782,11.0
3783,11.0
3784,11.0
3785,11.0
3786,3.0
3787,3.0
3788,3.0
3789,3.0
3790,11.0
3791,11.0
3792,2.0
3793,2.0
3794,7.0
3795,7.0
3796,7.0
3797,7.0
3798,3.0
3799,3.0
3800,7.0
3801,7.0
3802,3.0
3803,3.0
3804,7.0
3805,7.0
3806,7.0
3807,7.0
3808,3.0
3809,3.0
3810,7.0
3811,7.0
3812,2.0
3813,2.0
3814,4.0
3815,4.0
3816,7.0
3817,7.0
3818,3.0
3819,3.0
3820,1.0
3821,1.0
3822,7.0
3823,7.0
3824,2.0
3825,2.0
3826,3.0
3827,3.0
3828,3.0
3829,3.0
3830,11.0
3831,11.0
3832,7.0
3833,7.0
3834,7.0
3835,7.0
3836,2.0
3837,2.0
3838,11.0
3839,11.0
3840,2.0
3841,2.0
3842,2.0
3843,2.0
3844,7.0
3845,7.0
3846,7.0
3847,7.0
3848,7.0
3849,7.0
3850,1.0
3851,1.0
3852,7.0
3853,7.0
3854,2.0
3855,2.0
3856,3.0
3857,3.0
3858,7.0
3859,7.0
3860,7.0
3861,7.0
3862,2.0
3863,2.0
3864,7.0
3865,7.0
3866,2.0
3867,2.0
3868,4.0
3869,4.0
3870,1.0
3871,1.0
3872,7.0
3873,7.0
3874,7.0
3875,7.0
3876,7.0
3877,7.0
3878,3.0
3879,3.0
3880,3.0
3881,3.0
3882,4.0
3883,4.0
3884,2.0
3885,2.0
3886,7.0
3887,7.0
3888,7.0
3889,7.0
3890,7.0
3891,7.0
3892,11.0
3893,11.0
3894,3.0
3895,3.0
3896,5.0
3897,5.0
3898,2.0
3899,2.0
3900,3.0
3901,3.0
3902,3.0
3903,3.0
3904,7.0
3905,7.0
3906,7.0
3907,7.0
3908,3.0
3909,3.0
3910,5.0
3911,5.0
3912,3.0
3913,3.0
3914,4.0
3915,4.0
3916,11.0
3917,11.0
3918,7.0
3919,7.0
3920,7.0
3921,7.0
3922,6.0
3923,6.0
3924,2.0
3925,2.0
3926,7.0
3927,7.0
3928,3.0
3929,3.0
3930,3.0
3931,3.0
3932,7.0
3933,7.0
3934,7.0
3935,7.0
3936,3.0
3937,3.0
3938,11.0
3939,11.0
3940,3.0
3941,3.0
3942,7.0
3943,7.0
3944,3.0
3945,3.0
3946,3.0
3947,3.0
3948,3.0
3949,3.0
3950,11.0
3951,11.0
3952,3.0
3953,3.0
3954,7.0
3955,7.0
3956,3.0
3957,3.0
3958,2.0
3959,2.0
3960,11.0
3961,11.0
3962,2.0
3963,2.0
3964,7.0
3965,7.0
3966,3.0
3967,3.0
3968,5.0
3969,5.0
3970,7.0
3971,7.0
3972,4.0
3973,4.0
3974,3.0
3975,3.0
3976,11.0
3977,11.0
3978,7.0
3979,7.0
3980,7.0
3981,7.0
3982,2.0
3983,2.0
3984,7.0
3985,7.0
3986,7.0
3987,7.0
3988,7.0
3989,7.0
3990,3.0
3991,3.0
3992,3.0
3993,3.0
3994,2.0
3995,2.0
3996,1.0
3997,1.0
3998,2.0
3999,2.0
4000,7.0
4001,7.0
4002,1.0
4003,1.0
4004,7.0
4005,7.0
4006,8.0
4007,8.0
4008,11.0
4009,11.0
4010,2.0
4011,2.0
4012,1.0
4013,1.0
4014,7.0
4015,7.0
4016,11.0
4017,11.0
4018,4.0
4019,4.0
4020,3.0
4021,3.0
4022,3.0
4023,3.0
4024,11.0
4025,11.0
4026,3.0
4027,3.0
4028,3.0
4029,3.0
4030,3.0
4031,3.0
4032,2.0
4033,2.0
4034,2.0
4035,2.0
4036,7.0
4037,7.0
4038,7.0
4039,7.0
4040,7.0
4041,7.0
4042,11.0
4043,11.0
4044,3.0
4045,3.0
4046,11.0
4047,11.0
4048,3.0
4049,3.0
4050,7.0
4051,7.0
4052,7.0
4053,7.0
4054,7.0
4055,7.0
4056,3.0
4057,3.0
4058,11.0
4059,11.0
4060,7.0
4061,7.0
4062,11.0
4063,11.0
4064,7.0
4065,7.0
4066,11.0
4067,11.0
4068,7.0
4069,7.0
4070,5.0
4071,5.0
4072,7.0
4073,7.0
4074,3.0
4075,3.0
4076,11.0
4077,11.0
4078,3.0
4079,3.0
4080,3.0
4081,3.0
4082,3.0
4083,3.0
4084,2.0
4085,2.0
4086,3.0
4087,3.0
4088,3.0
4089,3.0
4090,7.0
4091,7.0
4092,2.0
4093,2.0
4094,11.0
4095,11.0
4096,7.0
4097,7.0
4098,11.0
4099,11.0
4100,2.0
4101,2.0
4102,7.0
4103,7.0
4104,3.0
4105,3.0
4106,5.0
4107,5.0
4108,3.0
4109,3.0
4110,7.0
4111,7.0
4112,8.0
4113,8.0
4114,3.0
4115,3.0
4116,3.0
4117,3.0
4118,7.0
4119,7.0
4120,11.0
4121,11.0
4122,2.0
4123,2.0
4124,7.0
4125,7.0
4126,3.0
4127,3.0
4128,7.0
4129,7.0
4130,2.0
4131,2.0
4132,3.0
4133,3.0
4134,3.0
4135,3.0
4136,2.0
4137,2.0
4138,2.0
4139,2.0
4140,3.0
4141,3.0
4142,2.0
4143,2.0
4144,3.0
4145,3.0
4146,11.0
4147,11.0
4148,11.0
4149,11.0
4150,3.0
4151,3.0
4152,3.0
4153,3.0
4154,3.0
4155,3.0
4156,7.0
4157,7.0
4158,7.0
4159,7.0
4160,3.0
4161,3.0
4162,11.0
4163,11.0
4164,7.0
4165,7.0
4166,7.0
4167,7.0
4168,2.0
4169,2.0
4170,3.0
4171,3.0
4172,3.0
4173,3.0
4174,2.0
4175,2.0
4176,2.0
4177,2.0
4178,7.0
4179,7.0
4180,7.0
4181,7.0
4182,7.0
4183,7.0
4184,3.0
4185,3.0
4186,2.0
4187,2.0
4188,3.0
4189,3.0
4190,3.0
4191,3.0
4192,3.0
4193,3.0
4194,11.0
4195,11.0
4196,11.0
4197,11.0
4198,3.0
4199,3.0
4200,7.0
4201,7.0
4202,4.0
4203,4.0
4204,3.0
4205,3.0
4206,3.0
4207,3.0
4208,3.0
4209,3.0
4210,2.0
4211,2.0
4212,2.0
4213,2.0
4214,5.0
4215,5.0
4216,11.0
4217,11.0
4218,7.0
4219,7.0
4220,8.0
4221,8.0
4222,2.0
4223,2.0
4224,7.0
4225,7.0
4226,11.0
4227,11.0
4228,2.0
4229,2.0
4230,3.0
4231,3.0
4232,7.0
4233,7.0
4234,2.0
4235,2.0
4236,4.0
4237,4.0
4238,7.0
4239,7.0
4240,11.0
4241,11.0
4242,3.0
4243,3.0
4244,11.0
4245,11.0
4246,3.0
4247,3.0
4248,9.0
4249,9.0
4250,7.0
4251,7.0
4252,7.0
4253,7.0
4254,5.0
4255,5.0
4256,3.0
4257,3.0
4258,3.0
4259,3.0
4260,7.0
4261,7.0
4262,1.0
4263,1.0
4264,11.0
4265,11.0
4266,11.0
4267,11.0
4268,7.0
4269,7.0
4270,7.0
4271,7.0
4272,3.0
4273,3.0
4274,8.0
4275,8.0
4276,11.0
4277,11.0
4278,7.0
4279,7.0
4280,2.0
4281,2.0
4282,3.0
4283,3.0
4284,7.0
4285,7.0
4286,3.0
4287,3.0
4288,5.0
4289,5.0
4290,7.0
4291,7.0
4292,2.0
4293,2.0
4294,11.0
4295,11.0
4296,2.0
4297,2.0
4298,11.0
4299,11.0
4300,3.0
4301,3.0
4302,3.0
4303,3.0
4304,3.0
4305,3.0
4306,2.0
4307,2.0
4308,1.0
4309,1.0
4310,3.0
4311,3.0
4312,3.0
4313,3.0
4314,11.0
4315,11.0
4316,7.0
4317,7.0
4318,3.0
4319,3.0
4320,3.0
4321,3.0
4322,1.0
4323,1.0
4324,3.0
4325,3.0
4326,11.0
4327,11.0
4328,7.0
4329,7.0
4330,11.0
4331,11.0
4332,7.0
4333,7.0
4334,3.0
4335,3.0
4336,3.0
4337,3.0
4338,3.0
4339,3.0
4340,7.0
4341,7.0
4342,7.0
4343,7.0
4344,7.0
4345,7.0
4346,3.0
4347,3.0
4348,11.0
4349,11.0
4350,7.0
4351,7.0
4352,3.0
4353,3.0
4354,3.0
4355,3.0
4356,7.0
4357,7.0
4358,3.0
4359,3.0
4360,2.0
4361,2.0
4362,2.0
4363,2.0
4364,3.0
4365,3.0
4366,3.0
4367,3.0
4368,7.0
4369,7.0
4370,7.0
4371,7.0
4372,3.0
4373,3.0
4374,9.0
4375,9.0
4376,2.0
4377,2.0
4378,2.0
4379,2.0
4380,3.0
4381,3.0
4382,3.0
4383,3.0
4384,5.0
4385,5.0
4386,3.0
4387,3.0
4388,7.0
4389,7.0
4390,3.0
4391,3.0
4392,4.0
4393,4.0
4394,6.0
4395,6.0
4396,3.0
4397,3.0
4398,7.0
4399,7.0
4400,7.0
4401,7.0
4402,8.0
4403,8.0
4404,3.0
4405,3.0
4406,7.0
4407,7.0
4408,2.0
4409,2.0
4410,11.0
4411,11.0
4412,7.0
4413,7.0
4414,7.0
4415,7.0
4416,3.0
4417,3.0
4418,3.0
4419,3.0
4420,7.0
4421,7.0
4422,7.0
4423,7.0
4424,7.0
4425,7.0
4426,7.0
4427,7.0
4428,11.0
4429,11.0
4430,7.0
4431,7.0
4432,3.0
4433,3.0
4434,11.0
4435,11.0
4436,11.0
4437,11.0
4438,3.0
4439,3.0
4440,7.0
4441,7.0
4442,7.0
4443,7.0
4444,11.0
4445,11.0
4446,11.0
4447,11.0
4448,3.0
4449,3.0
4450,2.0
4451,2.0
4452,3.0
4453,3.0
4454,7.0
4455,7.0
4456,3.0
4457,3.0
4458,7.0
4459,7.0
4460,7.0
4461,7.0
4462,3.0
4463,3.0
4464,2.0
4465,2.0
4466,3.0
4467,3.0
4468,7.0
4469,7.0
4470,7.0
4471,7.0
4472,2.0
4473,2.0
4474,3.0
4475,3.0
4476,11.0
4477,11.0
4478,7.0
4479,7.0
4480,4.0
4481,4.0
4482,3.0
4483,3.0
4484,11.0
4485,11.0
4486,3.0
4487,3.0
4488,2.0
4489,2.0
4490,2.0
4491,2.0
4492,11.0
4493,11.0
4494,3.0
4495,3.0
4496,3.0
4497,3.0
4498,11.0
4499,11.0
4500,11.0
4501,11.0
4502,1.0
4503,1.0
4504,11.0
4505,11.0
4506,3.0
4507,3.0
4508,7.0
4509,7.0
4510,3.0
4511,3.0
4512,3.0
4513,3.0
4514,2.0
4515,2.0
4516,2.0
4517,2.0
4518,8.0
4519,8.0
4520,3.0
4521,3.0
4522,2.0
4523,2.0
4524,7.0
4525,7.0
4526,3.0
4527,3.0
4528,11.0
4529,11.0
4530,7.0
4531,7.0
4532,3.0
4533,3.0
4534,3.0
4535,3.0
4536,3.0
4537,3.0
4538,7.0
4539,7.0
4540,7.0
4541,7.0
4542,2.0
4543,2.0
4544,3.0
4545,3.0
4546,3.0
4547,3.0
4548,3.0
4549,3.0
4550,2.0
4551,2.0
4552,3.0
4553,3.0
4554,7.0
4555,7.0
4556,1.0
4557,1.0
4558,7.0
4559,7.0
4560,3.0
4561,3.0
4562,7.0
4563,7.0
4564,3.0
4565,3.0
4566,3.0
4567,3.0
4568,7.0
4569,7.0
4570,8.0
4571,8.0
4572,8.0
4573,8.0
4574,3.0
4575,3.0
4576,3.0
4577,3.0
4578,7.0
4579,7.0
4580,3.0
4581,3.0
4582,2.0
4583,2.0
4584,3.0
4585,3.0
4586,3.0
4587,3.0
4588,3.0
4589,3.0
4590,3.0
4591,3.0
4592,11.0
4593,11.0
4594,4.0
4595,4.0
4596,11.0
4597,11.0
4598,3.0
4599,3.0
4600,5.0
4601,5.0
4602,1.0
4603,1.0
4604,7.0
4605,7.0
4606,3.0
4607,3.0
4608,3.0
4609,3.0
4610,4.0
4611,4.0
4612,3.0
4613,3.0
4614,9.0
4615,9.0
4616,3.0
4617,3.0
4618,3.0
4619,3.0
4620,2.0
4621,2.0
4622,11.0
4623,11.0
4624,3.0
4625,3.0
4626,6.0
4627,6.0
4628,7.0
4629,7.0
4630,8.0
4631,8.0
4632,7.0
4633,7.0
4634,3.0
4635,3.0
4636,3.0
4637,3.0
4638,1.0
4639,1.0
4640,7.0
4641,7.0
4642,3.0
4643,3.0
4644,11.0
4645,11.0
4646,3.0
4647,3.0
4648,7.0
4649,7.0
4650,7.0
4651,7.0
4652,7.0
4653,7.0
4654,7.0
4655,7.0
4656,3.0
4657,3.0
4658,11.0
4659,11.0
4660,11.0
4661,11.0
4662,3.0
4663,3.0
4664,2.0
4665,2.0
4666,2.0
4667,2.0
4668,3.0
4669,3.0
4670,7.0
4671,7.0
4672,7.0
4673,7.0
4674,7.0
4675,7.0
4676,3.0
4677,3.0
4678,7.0
4679,7.0
4680,3.0
4681,3.0
4682,2.0
4683,2.0
4684,2.0
4685,2.0
4686,3.0
4687,3.0
4688,7.0
4689,7.0
4690,3.0
4691,3.0
4692,11.0
4693,11.0
4694,7.0
4695,7.0
4696,11.0
4697,11.0
4698,2.0
4699,2.0
4700,3.0
4701,3.0
4702,7.0
4703,7.0
4704,2.0
4705,2.0
4706,3.0
4707,3.0
4708,11.0
4709,11.0
4710,5.0
4711,5.0
4712,11.0
4713,11.0
4714,7.0
4715,7.0
4716,2.0
4717,2.0
4718,3.0
4719,3.0
4720,5.0
4721,5.0
4722,7.0
4723,7.0
4724,7.0
4725,7.0
4726,3.0
4727,3.0
4728,3.0
4729,3.0
4730,2.0
4731,2.0
4732,7.0
4733,7.0
4734,11.0
4735,11.0
4736,5.0
4737,5.0
4738,8.0
4739,8.0
4740,3.0
4741,3.0
4742,4.0
4743,4.0
4744,11.0
4745,11.0
4746,3.0
4747,3.0
4748,4.0
4749,4.0
4750,10.0
4751,10.0
4752,3.0
4753,3.0
4754,3.0
4755,3.0
4756,7.0
4757,7.0
4758,7.0
4759,7.0
4760,7.0
4761,7.0
4762,7.0
4763,7.0
4764,11.0
4765,11.0
4766,3.0
4767,3.0
4768,7.0
4769,7.0
4770,7.0
4771,7.0
4772,7.0
4773,7.0
4774,0.0
4775,0.0
4776,11.0
4777,11.0
4778,3.0
4779,3.0
4780,3.0
4781,3.0
4782,3.0
4783,3.0
4784,7.0
4785,7.0
4786,1.0
4787,1.0
4788,11.0
4789,11.0
4790,3.0
4791,3.0
4792,3.0
4793,3.0
4794,7.0
4795,7.0
4796,3.0
4797,3.0
4798,3.0
4799,3.0
4800,11.0
4801,11.0
4802,3.0
4803,3.0
4804,11.0
4805,11.0
4806,3.0
4807,3.0
4808,3.0
4809,3.0
4810,7.0
4811,7.0
4812,11.0
4813,11.0
4814,11.0
4815,11.0
4816,3.0
4817,3.0
4818,3.0
4819,3.0
4820,11.0
4821,11.0
4822,3.0
4823,3.0
4824,3.0
4825,3.0
4826,7.0
4827,7.0
4828,7.0
4829,7.0
4830,3.0
4831,3.0
4832,2.0
4833,2.0
4834,7.0
4835,7.0
4836,7.0
4837,7.0
4838,7.0
4839,7.0
4840,11.0
4841,11.0
4842,4.0
4843,4.0
4844,2.0
4845,2.0
4846,7.0
4847,7.0
4848,3.0
4849,3.0
4850,2.0
4851,2.0
4852,7.0
4853,7.0
4854,7.0
4855,7.0
4856,7.0
4857,7.0
4858,11.0
4859,11.0
4860,3.0
4861,3.0
4862,7.0
4863,7.0
4864,11.0
4865,11.0
4866,11.0
4867,11.0
4868,7.0
4869,7.0
4870,7.0
4871,7.0
4872,3.0
4873,3.0
4874,9.0
4875,9.0
4876,3.0
4877,3.0
4878,2.0
4879,2.0
4880,7.0
4881,7.0
4882,11.0
4883,11.0
4884,7.0
4885,7.0
4886,3.0
4887,3.0
4888,4.0
4889,4.0
4890,2.0
4891,2.0
4892,2.0
4893,2.0
4894,5.0
4895,5.0
4896,3.0
4897,3.0
4898,11.0
4899,11.0
4900,3.0
4901,3.0
4902,12.0
4903,12.0
4904,7.0
4905,7.0
4906,7.0
4907,7.0
4908,7.0
4909,7.0
4910,2.0
4911,2.0
4912,2.0
4913,2.0
4914,2.0
4915,2.0
4916,2.0
4917,2.0
4918,11.0
4919,11.0
4920,7.0
4921,7.0
4922,2.0
4923,2.0
4924,7.0
4925,7.0
4926,7.0
4927,7.0
4928,2.0
4929,2.0
4930,7.0
4931,7.0
4932,3.0
4933,3.0
4934,3.0
4935,3.0
4936,2.0
4937,2.0
4938,3.0
4939,3.0
4940,7.0
4941,7.0
4942,11.0
4943,11.0
4944,3.0
4945,3.0
4946,3.0
4947,3.0
4948,2.0
4949,2.0
4950,11.0
4951,11.0
4952,7.0
4953,7.0
4954,3.0
4955,3.0
4956,3.0
4957,3.0
4958,7.0
4959,7.0
4960,3.0
4961,3.0
4962,11.0
4963,11.0
4964,7.0
4965,7.0
4966,11.0
4967,11.0
4968,1.0
4969,1.0
4970,7.0
4971,7.0
4972,7.0
4973,7.0
4974,7.0
4975,7.0
4976,11.0
4977,11.0
4978,3.0
4979,3.0
4980,3.0
4981,3.0
4982,7.0
4983,7.0
4984,3.0
4985,3.0
4986,7.0
4987,7.0
4988,7.0
4989,7.0
4990,9.0
4991,9.0
4992,2.0
4993,2.0
4994,7.0
4995,7.0
4996,2.0
4997,2.0
4998,3.0
4999,3.0
5000,7.0
5001,7.0
5002,3.0
5003,3.0
5004,3.0
5005,3.0
5006,11.0
5007,11.0
5008,1.0
5009,1.0
5010,0.0
5011,0.0
5012,3.0
5013,3.0
5014,7.0
5015,7.0
5016,3.0
5017,3.0
5018,7.0
5019,7.0
5020,3.0
5021,3.0
5022,3.0
5023,3.0
5024,2.0
5025,2.0
5026,3.0
5027,3.0
5028,7.0
5029,7.0
5030,11.0
5031,11.0
5032,2.0
5033,2.0
5034,3.0
5035,3.0
5036,7.0
5037,7.0
5038,7.0
5039,7.0
5040,7.0
5041,7.0
5042,7.0
5043,7.0
5044,5.0
5045,5.0
5046,3.0
5047,3.0
5048,11.0
5049,11.0
5050,7.0
5051,7.0
5052,1.0
5053,1.0
5054,3.0
5055,3.0
5056,2.0
5057,2.0
5058,7.0
5059,7.0
5060,8.0
5061,8.0
5062,11.0
5063,11.0
5064,11.0
5065,11.0
5066,11.0
5067,11.0
5068,5.0
5069,5.0
5070,11.0
5071,11.0
5072,7.0
5073,7.0
5074,2.0
5075,2.0
5076,3.0
5077,3.0
5078,2.0
5079,2.0
5080,7.0
5081,7.0
5082,2.0
5083,2.0
5084,2.0
5085,2.0
5086,3.0
5087,3.0
5088,11.0
5089,11.0
5090,7.0
5091,7.0
5092,5.0
5093,5.0
5094,3.0
5095,3.0
5096,7.0
5097,7.0
5098,3.0
5099,3.0
5100,7.0
5101,7.0
5102,7.0
5103,7.0
5104,3.0
5105,3.0
5106,7.0
5107,7.0
5108,3.0
5109,3.0
5110,7.0
5111,7.0
5112,3.0
5113,3.0
5114,7.0
5115,7.0
5116,2.0
5117,2.0
5118,2.0
5119,2.0
5120,7.0
5121,7.0
5122,7.0
5123,7.0
5124,11.0
5125,11.0
5126,3.0
5127,3.0
5128,3.0
5129,3.0
5130,3.0
5131,3.0
5132,3.0
5133,3.0
5134,7.0
5135,7.0
5136,1.0
5137,1.0
5138,11.0
5139,11.0
5140,7.0
5141,7.0
5142,7.0
5143,7.0
5144,3.0
5145,3.0
5146,3.0
5147,3.0
5148,4.0
5149,4.0
5150,3.0
5151,3.0
5152,7.0
5153,7.0
5154,3.0
5155,3.0
5156,3.0
5157,3.0
5158,3.0
5159,3.0
5160,3.0
5161,3.0
5162,2.0
5163,2.0
5164,11.0
5165,11.0
5166,7.0
5167,7.0
5168,2.0
5169,2.0
5170,7.0
5171,7.0
5172,3.0
5173,3.0
5174,3.0
5175,3.0
5176,7.0
5177,7.0
5178,7.0
5179,7.0
5180,11.0
5181,11.0
5182,11.0
5183,11.0
5184,11.0
5185,11.0
5186,7.0
5187,7.0
5188,3.0
5189,3.0
5190,2.0
5191,2.0
5192,3.0
5193,3.0
5194,11.0
5195,11.0
5196,4.0
5197,4.0
5198,3.0
5199,3.0
5200,9.0
5201,9.0
5202,7.0
5203,7.0
5204,7.0
5205,7.0
5206,2.0
5207,2.0
5208,3.0
5209,3.0
5210,3.0
5211,3.0
5212,3.0
5213,3.0
5214,6.0
5215,6.0
5216,3.0
5217,3.0
5218,3.0
5219,3.0
5220,3.0
5221,3.0
5222,7.0
5223,7.0
5224,1.0
5225,1.0
5226,3.0
5227,3.0
5228,7.0
5229,7.0
5230,7.0
5231,7.0
5232,7.0
5233,7.0
5234,7.0
5235,7.0
5236,3.0
5237,3.0
5238,7.0
5239,7.0
5240,3.0
5241,3.0
5242,3.0
5243,3.0
5244,1.0
5245,1.0
5246,7.0
5247,7.0
5248,1.0
5249,1.0
5250,7.0
5251,7.0
5252,5.0
5253,5.0
5254,7.0
5255,7.0
5256,3.0
5257,3.0
5258,2.0
5259,2.0
5260,3.0
5261,3.0
5262,3.0
5263,3.0
5264,2.0
5265,2.0
5266,3.0
5267,3.0
5268,3.0
5269,3.0
5270,11.0
5271,11.0
5272,3.0
5273,3.0
5274,11.0
5275,11.0
5276,7.0
5277,7.0
5278,7.0
5279,7.0
5280,7.0
5281,7.0
5282,3.0
5283,3.0
5284,11.0
5285,11.0
5286,2.0
5287,2.0
5288,3.0
5289,3.0
5290,7.0
5291,7.0
5292,3.0
5293,3.0
5294,2.0
5295,2.0
5296,3.0
5297,3.0
5298,2.0
5299,2.0
5300,3.0
5301,3.0
5302,3.0
5303,3.0
5304,3.0
5305,3.0
5306,7.0
5307,7.0
5308,4.0
5309,4.0
5310,3.0
5311,3.0
5312,2.0
5313,2.0
5314,7.0
5315,7.0
5316,5.0
5317,5.0
5318,7.0
5319,7.0
5320,11.0
5321,11.0
5322,3.0
5323,3.0
5324,7.0
5325,7.0
5326,3.0
5327,3.0
5328,1.0
5329,1.0
5330,7.0
5331,7.0
5332,7.0
5333,7.0
5334,2.0
5335,2.0
5336,8.0
5337,8.0
5338,7.0
5339,7.0
5340,3.0
5341,3.0
5342,7.0
5343,7.0
5344,3.0
5345,3.0
5346,3.0
5347,3.0
5348,5.0
5349,5.0
5350,7.0
5351,7.0
5352,7.0
5353,7.0
5354,11.0
5355,11.0
5356,3.0
5357,3.0
5358,3.0
5359,3.0
5360,7.0
5361,7.0
5362,11.0
5363,11.0
5364,11.0
5365,11.0
5366,11.0
5367,11.0
5368,5.0
5369,5.0
5370,7.0
5371,7.0
5372,2.0
5373,2.0
5374,3.0
5375,3.0
5376,3.0
5377,3.0
5378,3.0
5379,3.0
5380,7.0
5381,7.0
5382,2.0
5383,2.0
5384,7.0
5385,7.0
5386,2.0
5387,2.0
5388,3.0
5389,3.0
5390,3.0
5391,3.0
5392,2.0
5393,2.0
5394,2.0
5395,2.0
5396,3.0
5397,3.0
5398,7.0
5399,7.0
5400,1.0
5401,1.0
5402,2.0
5403,2.0
5404,11.0
5405,11.0
5406,4.0
5407,4.0
5408,3.0
5409,3.0
5410,7.0
5411,7.0
5412,2.0
5413,2.0
5414,3.0
5415,3.0
5416,3.0
5417,3.0
5418,7.0
5419,7.0
5420,7.0
5421,7.0
5422,3.0
5423,3.0
5424,2.0
5425,2.0
5426,3.0
5427,3.0
5428,3.0
5429,3.0
5430,3.0
5431,3.0
5432,3.0
5433,3.0
5434,7.0
5435,7.0
5436,7.0
5437,7.0
5438,7.0
5439,7.0
5440,1.0
5441,1.0
5442,3.0
5443,3.0
5444,7.0
5445,7.0
5446,7.0
5447,7.0
5448,2.0
5449,2.0
5450,11.0
5451,11.0
5452,7.0
5453,7.0
5454,3.0
5455,3.0
5456,2.0
5457,2.0
5458,3.0
5459,3.0
5460,7.0
5461,7.0
5462,3.0
5463,3.0
5464,3.0
5465,3.0
5466,2.0
5467,2.0
5468,3.0
5469,3.0
5470,2.0
5471,2.0
5472,2.0
5473,2.0
5474,3.0
5475,3.0
5476,7.0
5477,7.0
5478,3.0
5479,3.0
5480,3.0
5481,3.0
5482,3.0
5483,3.0
5484,3.0
5485,3.0
5486,7.0
5487,7.0
5488,6.0
5489,6.0
5490,7.0
5491,7.0
5492,7.0
5493,7.0
5494,3.0
5495,3.0
5496,1.0
5497,1.0
5498,7.0
5499,7.0
5500,3.0
5501,3.0
5502,3.0
5503,3.0
5504,3.0
5505,3.0
5506,2.0
5507,2.0
5508,3.0
5509,3.0
5510,3.0
5511,3.0
5512,3.0
5513,3.0
5514,7.0
5515,7.0
5516,3.0
5517,3.0
5518,7.0
5519,7.0
5520,3.0
5521,3.0
5522,3.0
5523,3.0
5524,11.0
5525,11.0
5526,3.0
5527,3.0
5528,6.0
5529,6.0
5530,11.0
5531,11.0
5532,2.0
5533,2.0
5534,3.0
5535,3.0
5536,5.0
5537,5.0
5538,2.0
5539,2.0
5540,7.0
5541,7.0
5542,2.0
5543,2.0
5544,11.0
5545,11.0
5546,7.0
5547,7.0
5548,2.0
5549,2.0
5550,3.0
5551,3.0
5552,3.0
5553,3.0
5554,3.0
5555,3.0
5556,7.0
5557,7.0
5558,3.0
5559,3.0
5560,2.0
5561,2.0
5562,2.0
5563,2.0
5564,7.0
5565,7.0
5566,3.0
5567,3.0
5568,7.0
5569,7.0
5570,7.0
5571,7.0
5572,3.0
5573,3.0
5574,3.0
5575,3.0
5576,3.0
5577,3.0
5578,7.0
5579,7.0
5580,7.0
5581,7.0
5582,7.0
5583,7.0
5584,7.0
5585,7.0
5586,2.0
5587,2.0
5588,5.0
5589,5.0
5590,7.0
5591,7.0
5592,7.0
5593,7.0
5594,3.0
5595,3.0
5596,2.0
5597,2.0
5598,7.0
5599,7.0
5600,7.0
5601,7.0
5602,3.0
5603,3.0
5604,7.0
5605,7.0
5606,11.0
5607,11.0
5608,3.0
5609,3.0
5610,4.0
5611,4.0
5612,7.0
5613,7.0
5614,11.0
5615,11.0
5616,7.0
5617,7.0
5618,11.0
5619,11.0
5620,7.0
5621,7.0
5622,7.0
5623,7.0
5624,3.0
5625,3.0
5626,7.0
5627,7.0
5628,7.0
5629,7.0
5630,9.0
5631,9.0
5632,2.0
5633,2.0
5634,2.0
5635,2.0
5636,11.0
5637,11.0
5638,3.0
5639,3.0
5640,11.0
5641,11.0
5642,3.0
5643,3.0
5644,7.0
5645,7.0
5646,7.0
5647,7.0
5648,11.0
5649,11.0
5650,3.0
5651,3.0
5652,3.0
5653,3.0
5654,3.0
5655,3.0
5656,2.0
5657,2.0
5658,7.0
5659,7.0
5660,3.0
5661,3.0
5662,7.0
5663,7.0
5664,2.0
5665,2.0
5666,7.0
5667,7.0
5668,7.0
5669,7.0
5670,7.0
5671,7.0
5672,7.0
5673,7.0
5674,3.0
5675,3.0
5676,2.0
5677,2.0
5678,11.0
5679,11.0
5680,7.0
5681,7.0
5682,7.0
5683,7.0
5684,3.0
5685,3.0
5686,3.0
5687,3.0
5688,3.0
5689,3.0
5690,7.0
5691,7.0
5692,11.0
5693,11.0
5694,2.0
5695,2.0
5696,7.0
5697,7.0
5698,2.0
5699,2.0
5700,3.0
5701,3.0
5702,7.0
5703,7.0
5704,7.0
5705,7.0
5706,3.0
5707,3.0
5708,4.0
5709,4.0
5710,3.0
5711,3.0
5712,3.0
5713,3.0
5714,7.0
5715,7.0
5716,3.0
5717,3.0
5718,7.0
5719,7.0
5720,3.0
5721,3.0
5722,2.0
5723,2.0
5724,2.0
5725,2.0
5726,2.0
5727,2.0
5728,9.0
5729,9.0
5730,7.0
5731,7.0
5732,11.0
5733,11.0
5734,7.0
5735,7.0
5736,3.0
5737,3.0
5738,11.0
5739,11.0
5740,7.0
5741,7.0
5742,2.0
5743,2.0
5744,11.0
5745,11.0
5746,7.0
5747,7.0
5748,7.0
5749,7.0
5750,7.0
5751,7.0
5752,2.0
5753,2.0
5754,2.0
5755,2.0
5756,1.0
5757,1.0
5758,11.0
5759,11.0
5760,2.0
5761,2.0
5762,11.0
5763,11.0
5764,11.0
5765,11.0
5766,7.0
5767,7.0
5768,1.0
5769,1.0
5770,7.0
5771,7.0
5772,3.0
5773,3.0
5774,7.0
5775,7.0
5776,7.0
5777,7.0
5778,4.0
5779,4.0
5780,11.0
5781,11.0
5782,7.0
5783,7.0
5784,2.0
5785,2.0
5786,1.0
5787,1.0
5788,1.0
5789,1.0
